time,vehicle_id,x,y,speed
0.00,flow0.0,-2787.49,3911.61,0.00
1.00,flow0.0,-2786.94,3911.61,0.55
2.00,flow0.0,-2785.74,3911.61,1.20
3.00,flow0.0,-2783.56,3911.61,2.18
4.00,flow0.0,-2780.63,3911.61,2.93
5.00,flow0.0,-2777.00,3911.61,3.63
5.00,flow0.1,-2787.49,3911.61,0.00
6.00,flow0.0,-2772.38,3911.61,4.61
6.00,flow0.1,-2786.86,3911.61,0.63
7.00,flow0.0,-2766.89,3911.61,5.49
7.00,flow0.1,-2785.51,3911.61,1.36
8.00,flow0.0,-2760.78,3911.61,6.12
8.00,flow0.1,-2783.15,3911.61,2.35
9.00,flow0.0,-2754.00,3911.61,6.78
9.00,flow0.1,-2780.03,3911.61,3.12
10.00,flow0.0,-2746.44,3911.61,7.55
10.00,flow0.1,-2776.20,3911.61,3.84
10.00,flow0.2,-2787.49,3911.61,0.00
11.00,flow0.0,-2738.02,3911.61,8.42
11.00,flow0.1,-2771.39,3911.61,4.81
11.00,flow0.2,-2786.93,3911.61,0.56
12.00,flow0.0,-2728.76,3911.61,9.26
12.00,flow0.1,-2765.93,3911.61,5.46
12.00,flow0.2,-2785.39,3911.61,1.54
13.00,flow0.0,-2718.76,3911.61,10.00
13.00,flow0.1,-2759.62,3911.61,6.31
13.00,flow0.2,-2783.17,3911.61,2.22
14.00,flow0.0,-2708.22,3911.61,10.53
14.00,flow0.1,-2752.72,3911.61,6.90
14.00,flow0.2,-2780.39,3911.61,2.78
15.00,flow0.0,-2696.89,3911.61,11.34
15.00,flow0.1,-2745.09,3911.61,7.63
15.00,flow0.2,-2776.73,3911.61,3.66
15.00,flow0.3,-2787.49,3911.61,0.00
16.00,flow0.0,-2684.56,3911.61,12.32
16.00,flow0.1,-2736.61,3911.61,8.48
16.00,flow0.2,-2772.45,3911.61,4.28
16.00,flow0.3,-2786.57,3911.61,0.92
17.00,flow0.1,-2727.15,3911.61,9.46
17.00,flow0.2,-2767.51,3911.61,4.94
17.00,flow0.3,-2784.81,3911.61,1.75
18.00,flow0.1,-2716.76,3911.61,10.40
18.00,flow0.2,-2761.64,3911.61,5.87
18.00,flow0.3,-2782.27,3911.61,2.55
19.00,flow0.1,-2705.84,3911.61,10.91
19.00,flow0.2,-2754.90,3911.61,6.74
19.00,flow0.3,-2778.83,3911.61,3.44
19.00,flow0.4,-2787.49,3911.61,0.00
20.00,flow0.1,-2694.01,3911.61,11.83
20.00,flow0.2,-2747.45,3911.61,7.45
20.00,flow0.3,-2774.51,3911.61,4.32
20.00,flow0.4,-2786.90,3911.61,0.59
21.00,flow0.2,-2739.33,3911.61,8.12
21.00,flow0.3,-2769.55,3911.61,4.96
21.00,flow0.4,-2785.60,3911.61,1.30
22.00,flow0.2,-2730.55,3911.61,8.78
22.00,flow0.3,-2764.06,3911.61,5.49
22.00,flow0.4,-2783.78,3911.61,1.82
23.00,flow0.2,-2720.93,3911.61,9.62
23.00,flow0.3,-2757.82,3911.61,6.25
23.00,flow0.4,-2781.26,3911.61,2.53
24.00,flow0.2,-2710.39,3911.61,10.54
24.00,flow0.3,-2751.05,3911.61,6.77
24.00,flow0.4,-2777.82,3911.61,3.43
24.00,flow0.5,-2787.49,3911.61,0.00
25.00,flow0.2,-2699.18,3911.61,11.22
25.00,flow0.3,-2743.36,3911.61,7.69
25.00,flow0.4,-2773.40,3911.61,4.42
25.00,flow0.5,-2786.63,3911.61,0.86
26.00,flow0.2,-2687.23,3911.61,11.94
26.00,flow0.3,-2735.13,3911.61,8.23
26.00,flow0.4,-2768.02,3911.61,5.39
26.00,flow0.5,-2784.86,3911.61,1.77
27.00,flow0.3,-2726.06,3911.61,9.07
27.00,flow0.4,-2761.80,3911.61,6.22
27.00,flow0.5,-2782.13,3911.61,2.73
28.00,flow0.3,-2716.27,3911.61,9.79
28.00,flow0.4,-2754.68,3911.61,7.11
28.00,flow0.5,-2778.49,3911.61,3.64
28.00,flow0.6,-2787.49,3911.61,0.00
29.00,flow0.3,-2705.51,3911.61,10.76
29.00,flow0.4,-2746.61,3911.61,8.07
29.00,flow0.5,-2774.22,3911.61,4.28
29.00,flow0.6,-2786.67,3911.61,0.82
30.00,flow0.3,-2693.89,3911.61,11.62
30.00,flow0.4,-2737.64,3911.61,8.97
30.00,flow0.5,-2769.28,3911.61,4.94
30.00,flow0.6,-2785.05,3911.61,1.61
31.00,flow0.4,-2727.87,3911.61,9.77
31.00,flow0.5,-2763.60,3911.61,5.68
31.00,flow0.6,-2782.85,3911.61,2.20
32.00,flow0.4,-2717.39,3911.61,10.48
32.00,flow0.5,-2757.12,3911.61,6.47
32.00,flow0.6,-2779.84,3911.61,3.02
32.00,flow0.7,-2787.49,3911.61,0.00
33.00,flow0.4,-2706.40,3911.61,10.99
33.00,flow0.5,-2749.66,3911.61,7.46
33.00,flow0.6,-2775.97,3911.61,3.87
33.00,flow0.7,-2787.35,3911.61,0.14
34.00,flow0.4,-2694.84,3911.61,11.55
34.00,flow0.5,-2741.52,3911.61,8.15
34.00,flow0.6,-2771.57,3911.61,4.40
34.00,flow0.7,-2786.45,3911.61,0.90
35.00,flow0.4,-2682.50,3911.61,12.34
35.00,flow0.5,-2732.72,3911.61,8.79
35.00,flow0.6,-2766.39,3911.61,5.18
35.00,flow0.7,-2784.99,3911.61,1.46
36.00,flow0.5,-2723.42,3911.61,9.31
36.00,flow0.6,-2760.36,3911.61,6.03
36.00,flow0.7,-2782.73,3911.61,2.26
37.00,flow0.5,-2713.28,3911.61,10.14
37.00,flow0.6,-2753.69,3911.61,6.68
37.00,flow0.7,-2779.53,3911.61,3.20
37.00,flow0.8,-2787.49,3911.61,0.00
38.00,flow0.5,-2702.38,3911.61,10.90
38.00,flow0.6,-2746.34,3911.61,7.35
38.00,flow0.7,-2775.71,3911.61,3.81
38.00,flow0.8,-2787.09,3911.61,0.40
39.00,flow0.5,-2691.19,3911.61,11.19
39.00,flow0.6,-2738.06,3911.61,8.28
39.00,flow0.7,-2771.25,3911.61,4.46
39.00,flow0.8,-2785.76,3911.61,1.33
40.00,flow0.6,-2728.96,3911.61,9.10
40.00,flow0.7,-2766.04,3911.61,5.22
40.00,flow0.8,-2783.46,3911.61,2.31
41.00,flow0.6,-2719.05,3911.61,9.90
41.00,flow0.7,-2760.16,3911.61,5.88
41.00,flow0.8,-2780.64,3911.61,2.82
42.00,flow0.6,-2708.57,3911.61,10.48
42.00,flow0.7,-2753.35,3911.61,6.80
42.00,flow0.8,-2777.28,3911.61,3.36
42.00,flow0.9,-2787.49,3911.61,0.00
43.00,flow0.6,-2697.27,3911.61,11.31
43.00,flow0.7,-2745.88,3911.61,7.47
43.00,flow0.8,-2773.13,3911.61,4.15
43.00,flow0.9,-2786.78,3911.61,0.71
44.00,flow0.6,-2685.10,3911.61,12.17
44.00,flow0.7,-2737.60,3911.61,8.28
44.00,flow0.8,-2768.32,3911.61,4.81
44.00,flow0.9,-2785.38,3911.61,1.41
45.00,flow0.7,-2728.37,3911.61,9.23
45.00,flow0.8,-2762.94,3911.61,5.38
45.00,flow0.9,-2783.29,3911.61,2.09
46.00,flow0.7,-2718.55,3911.61,9.82
46.00,flow0.8,-2757.03,3911.61,5.91
46.00,flow0.9,-2780.47,3911.61,2.81
47.00,flow0.10,-2787.49,3911.61,0.00
47.00,flow0.7,-2707.74,3911.61,10.81
47.00,flow0.8,-2750.61,3911.61,6.42
47.00,flow0.9,-2777.10,3911.61,3.37
48.00,flow0.10,-2786.66,3911.61,0.83
48.00,flow0.7,-2696.17,3911.61,11.57
48.00,flow0.8,-2743.65,3911.61,6.97
48.00,flow0.9,-2772.82,3911.61,4.29
49.00,flow0.10,-2784.84,3911.61,1.83
49.00,flow0.7,-2684.26,3911.61,11.91
49.00,flow0.8,-2735.92,3911.61,7.73
49.00,flow0.9,-2767.70,3911.61,5.12
50.00,flow0.10,-2782.25,3911.61,2.58
50.00,flow0.8,-2727.64,3911.61,8.27
50.00,flow0.9,-2761.59,3911.61,6.11
51.00,flow0.10,-2778.73,3911.61,3.53
51.00,flow0.11,-2787.49,3911.61,0.00
51.00,flow0.8,-2718.83,3911.61,8.82
51.00,flow0.9,-2754.68,3911.61,6.91
52.00,flow0.10,-2774.40,3911.61,4.33
52.00,flow0.11,-2786.99,3911.61,0.50
52.00,flow0.8,-2709.44,3911.61,9.39
52.00,flow0.9,-2747.19,3911.61,7.50
53.00,flow0.10,-2769.46,3911.61,4.94
53.00,flow0.11,-2785.72,3911.61,1.27
53.00,flow0.8,-2699.29,3911.61,10.15
53.00,flow0.9,-2739.16,3911.61,8.03
54.00,flow0.10,-2763.63,3911.61,5.83
54.00,flow0.11,-2783.52,3911.61,2.19
54.00,flow0.8,-2688.56,3911.61,10.73
54.00,flow0.9,-2730.30,3911.61,8.86
55.00,flow0.10,-2757.15,3911.61,6.47
55.00,flow0.11,-2780.55,3911.61,2.97
55.00,flow0.9,-2720.60,3911.61,9.70
56.00,flow0.10,-2750.08,3911.61,7.07
56.00,flow0.11,-2776.66,3911.61,3.89
56.00,flow0.12,-2787.49,3911.61,0.00
56.00,flow0.9,-2710.08,3911.61,10.52
57.00,flow0.10,-2742.08,3911.61,8.01
57.00,flow0.11,-2772.16,3911.61,4.50
57.00,flow0.12,-2786.55,3911.61,0.94
57.00,flow0.9,-2698.86,3911.61,11.23
58.00,flow0.10,-2733.18,3911.61,8.89
58.00,flow0.11,-2766.78,3911.61,5.38
58.00,flow0.12,-2784.70,3911.61,1.84
58.00,flow0.9,-2687.00,3911.61,11.85
59.00,flow0.10,-2723.45,3911.61,9.73
59.00,flow0.11,-2760.52,3911.61,6.26
59.00,flow0.12,-2782.28,3911.61,2.42
60.00,flow0.10,-2712.95,3911.61,10.50
60.00,flow0.11,-2753.36,3911.61,7.16
60.00,flow0.12,-2778.98,3911.61,3.30
60.00,flow0.13,-2787.49,3911.61,0.00
61.00,flow0.10,-2701.92,3911.61,11.03
61.00,flow0.11,-2745.30,3911.61,8.05
61.00,flow0.12,-2775.14,3911.61,3.84
61.00,flow0.13,-2786.77,3911.61,0.72
62.00,flow0.10,-2690.29,3911.61,11.63
62.00,flow0.11,-2736.45,3911.61,8.85
62.00,flow0.12,-2770.34,3911.61,4.80
62.00,flow0.13,-2785.34,3911.61,1.43
63.00,flow0.11,-2726.98,3911.61,9.48
63.00,flow0.12,-2764.91,3911.61,5.43
63.00,flow0.13,-2783.25,3911.61,2.10
64.00,flow0.11,-2716.56,3911.61,10.42
64.00,flow0.12,-2758.71,3911.61,6.20
64.00,flow0.13,-2780.15,3911.61,3.09
65.00,flow0.11,-2705.44,3911.61,11.12
65.00,flow0.12,-2751.55,3911.61,7.16
65.00,flow0.13,-2776.27,3911.61,3.88
65.00,flow0.14,-2787.49,3911.61,0.00
66.00,flow0.11,-2693.71,3911.61,11.73
66.00,flow0.12,-2743.77,3911.61,7.79
66.00,flow0.13,-2771.70,3911.61,4.58
66.00,flow0.14,-2786.59,3911.61,0.90
67.00,flow0.12,-2735.17,3911.61,8.59
67.00,flow0.13,-2766.17,3911.61,5.52
67.00,flow0.14,-2784.94,3911.61,1.64
68.00,flow0.12,-2725.59,3911.61,9.59
68.00,flow0.13,-2759.94,3911.61,6.23
68.00,flow0.14,-2782.42,3911.61,2.53
69.00,flow0.12,-2715.28,3911.61,10.31
69.00,flow0.13,-2753.18,3911.61,6.76
69.00,flow0.14,-2779.35,3911.61,3.07
69.00,flow0.15,-2787.49,3911.61,0.00
70.00,flow0.12,-2704.07,3911.61,11.20
70.00,flow0.13,-2745.88,3911.61,7.30
70.00,flow0.14,-2775.39,3911.61,3.96
70.00,flow0.15,-2786.91,3911.61,0.58
71.00,flow0.12,-2692.05,3911.61,12.03
71.00,flow0.13,-2737.70,3911.61,8.17
71.00,flow0.14,-2770.66,3911.61,4.73
71.00,flow0.15,-2785.48,3911.61,1.43
72.00,flow0.13,-2728.95,3911.61,8.76
72.00,flow0.14,-2765.08,3911.61,5.58
72.00,flow0.15,-2783.51,3911.61,1.96
73.00,flow0.13,-2719.37,3911.61,9.57
73.00,flow0.14,-2758.50,3911.61,6.57
73.00,flow0.15,-2780.66,3911.61,2.86
74.00,flow0.13,-2709.09,3911.61,10.29
74.00,flow0.14,-2750.96,3911.61,7.55
74.00,flow0.15,-2776.82,3911.61,3.84
74.00,flow0.16,-2787.49,3911.61,0.00
75.00,flow0.13,-2697.82,3911.61,11.27
75.00,flow0.14,-2742.87,3911.61,8.09
75.00,flow0.15,-2772.08,3911.61,4.74
75.00,flow0.16,-2786.66,3911.61,0.83
76.00,flow0.13,-2685.69,3911.61,12.13
76.00,flow0.14,-2733.80,3911.61,9.07
76.00,flow0.15,-2766.74,3911.61,5.34
76.00,flow0.16,-2785.11,3911.61,1.56
77.00,flow0.14,-2723.98,3911.61,9.82
77.00,flow0.15,-2760.63,3911.61,6.10
77.00,flow0.16,-2782.90,3911.61,2.20
78.00,flow0.14,-2713.57,3911.61,10.42
78.00,flow0.15,-2753.77,3911.61,6.86
78.00,flow0.16,-2779.89,3911.61,3.01
78.00,flow0.17,-2787.49,3911.61,0.00
79.00,flow0.14,-2702.32,3911.61,11.25
79.00,flow0.15,-2746.35,3911.61,7.42
79.00,flow0.16,-2776.02,3911.61,3.86
79.00,flow0.17,-2787.40,3911.61,0.09
80.00,flow0.14,-2690.18,3911.61,12.14
80.00,flow0.15,-2738.09,3911.61,8.26
80.00,flow0.16,-2771.49,3911.61,4.54
80.00,flow0.17,-2786.43,3911.61,0.97
81.00,flow0.15,-2729.27,3911.61,8.81
81.00,flow0.16,-2766.28,3911.61,5.21
81.00,flow0.17,-2784.48,3911.61,1.95
82.00,flow0.15,-2719.92,3911.61,9.36
82.00,flow0.16,-2760.43,3911.61,5.84
82.00,flow0.17,-2781.54,3911.61,2.94
83.00,flow0.15,-2709.74,3911.61,10.18
83.00,flow0.16,-2754.05,3911.61,6.38
83.00,flow0.17,-2777.98,3911.61,3.55
83.00,flow0.18,-2787.49,3911.61,0.00
84.00,flow0.15,-2698.93,3911.61,10.81
84.00,flow0.16,-2747.07,3911.61,6.98
84.00,flow0.17,-2773.44,3911.61,4.54
84.00,flow0.18,-2786.78,3911.61,0.71
85.00,flow0.15,-2687.36,3911.61,11.57
85.00,flow0.16,-2739.29,3911.61,7.78
85.00,flow0.17,-2767.99,3911.61,5.45
85.00,flow0.18,-2785.33,3911.61,1.45
86.00,flow0.16,-2730.83,3911.61,8.46
86.00,flow0.17,-2762.01,3911.61,5.99
86.00,flow0.18,-2783.00,3911.61,2.33
87.00,flow0.16,-2721.82,3911.61,9.01
87.00,flow0.17,-2755.28,3911.61,6.73
87.00,flow0.18,-2779.88,3911.61,3.12
87.00,flow0.19,-2787.49,3911.61,0.00
88.00,flow0.16,-2711.96,3911.61,9.86
88.00,flow0.17,-2747.99,3911.61,7.28
88.00,flow0.18,-2776.23,3911.61,3.65
88.00,flow0.19,-2787.42,3911.61,0.07
89.00,flow0.16,-2701.38,3911.61,10.57
89.00,flow0.17,-2739.87,3911.61,8.12
89.00,flow0.18,-2772.08,3911.61,4.16
89.00,flow0.19,-2786.80,3911.61,0.62
90.00,flow0.16,-2690.20,3911.61,11.18
90.00,flow0.17,-2731.06,3911.61,8.82
90.00,flow0.18,-2766.92,3911.61,5.15
90.00,flow0.19,-2785.40,3911.61,1.40
91.00,flow0.17,-2721.69,3911.61,9.37
91.00,flow0.18,-2760.93,3911.61,5.99
91.00,flow0.19,-2783.04,3911.61,2.36
92.00,flow0.17,-2711.74,3911.61,9.94
92.00,flow0.18,-2754.12,3911.61,6.82
92.00,flow0.19,-2779.68,3911.61,3.36
92.00,flow0.20,-2787.49,3911.61,0.00
93.00,flow0.17,-2701.29,3911.61,10.45
93.00,flow0.18,-2746.73,3911.61,7.39
93.00,flow0.19,-2775.39,3911.61,4.29
93.00,flow0.20,-2787.19,3911.61,0.30
94.00,flow0.17,-2689.87,3911.61,11.42
94.00,flow0.18,-2738.47,3911.61,8.26
94.00,flow0.19,-2770.12,3911.61,5.27
94.00,flow0.20,-2786.15,3911.61,1.03
95.00,flow0.18,-2729.56,3911.61,8.91
95.00,flow0.19,-2764.30,3911.61,5.82
95.00,flow0.20,-2784.23,3911.61,1.92
96.00,flow0.18,-2720.03,3911.61,9.53
96.00,flow0.19,-2757.93,3911.61,6.37
96.00,flow0.20,-2781.60,3911.61,2.63
97.00,flow0.18,-2709.63,3911.61,10.40
97.00,flow0.19,-2750.90,3911.61,7.03
97.00,flow0.20,-2778.17,3911.61,3.43
97.00,flow0.21,-2787.49,3911.61,0.00
98.00,flow0.18,-2698.64,3911.61,10.99
98.00,flow0.19,-2742.95,3911.61,7.96
98.00,flow0.20,-2773.87,3911.61,4.30
98.00,flow0.21,-2786.75,3911.61,0.74
99.00,flow0.18,-2686.70,3911.61,11.94
99.00,flow0.19,-2734.03,3911.61,8.91
99.00,flow0.20,-2768.62,3911.61,5.26
99.00,flow0.21,-2785.10,3911.61,1.64
100.00,flow0.19,-2724.33,3911.61,9.70
100.00,flow0.20,-2762.81,3911.61,5.81
100.00,flow0.21,-2782.95,3911.61,2.16
101.00,flow0.19,-2713.66,3911.61,10.67
101.00,flow0.20,-2756.44,3911.61,6.37
101.00,flow0.21,-2780.06,3911.61,2.89
102.00,flow0.19,-2702.04,3911.61,11.61
102.00,flow0.20,-2749.34,3911.61,7.11
102.00,flow0.21,-2776.35,3911.61,3.71
102.00,flow0.22,-2787.49,3911.61,0.00
103.00,flow0.19,-2689.86,3911.61,12.19
103.00,flow0.20,-2741.37,3911.61,7.97
103.00,flow0.21,-2771.85,3911.61,4.50
103.00,flow0.22,-2786.61,3911.61,0.88
104.00,flow0.20,-2732.86,3911.61,8.50
104.00,flow0.21,-2766.84,3911.61,5.01
104.00,flow0.22,-2785.03,3911.61,1.58
105.00,flow0.20,-2723.79,3911.61,9.08
105.00,flow0.21,-2761.33,3911.61,5.51
105.00,flow0.22,-2782.77,3911.61,2.26
106.00,flow0.20,-2713.97,3911.61,9.82
106.00,flow0.21,-2755.12,3911.61,6.21
106.00,flow0.22,-2779.51,3911.61,3.26
106.00,flow0.23,-2787.49,3911.61,0.00
107.00,flow0.20,-2703.43,3911.61,10.55
107.00,flow0.21,-2748.35,3911.61,6.77
107.00,flow0.22,-2775.61,3911.61,3.89
107.00,flow0.23,-2787.09,3911.61,0.40
108.00,flow0.20,-2692.30,3911.61,11.12
108.00,flow0.21,-2740.65,3911.61,7.70
108.00,flow0.22,-2771.01,3911.61,4.61
108.00,flow0.23,-2785.69,3911.61,1.40
109.00,flow0.21,-2732.33,3911.61,8.32
109.00,flow0.22,-2765.80,3911.61,5.20
109.00,flow0.23,-2783.32,3911.61,2.38
110.00,flow0.21,-2723.09,3911.61,9.25
110.00,flow0.22,-2759.63,3911.61,6.18
110.00,flow0.23,-2780.43,3911.61,2.89
111.00,flow0.21,-2713.31,3911.61,9.77
111.00,flow0.22,-2752.77,3911.61,6.85
111.00,flow0.23,-2776.87,3911.61,3.55
111.00,flow0.24,-2787.49,3911.61,0.00
112.00,flow0.21,-2702.92,3911.61,10.40
112.00,flow0.22,-2745.19,3911.61,7.59
112.00,flow0.23,-2772.43,3911.61,4.45
112.00,flow0.24,-2786.88,3911.61,0.61
113.00,flow0.21,-2691.93,3911.61,10.99
113.00,flow0.22,-2736.81,3911.61,8.38
113.00,flow0.23,-2767.19,3911.61,5.23
113.00,flow0.24,-2785.54,3911.61,1.35
114.00,flow0.22,-2727.70,3911.61,9.11
114.00,flow0.23,-2761.03,3911.61,6.16
114.00,flow0.24,-2783.40,3911.61,2.13
115.00,flow0.22,-2717.88,3911.61,9.83
115.00,flow0.23,-2754.37,3911.61,6.66
115.00,flow0.24,-2780.31,3911.61,3.09
116.00,flow0.22,-2707.18,3911.61,10.70
116.00,flow0.23,-2746.77,3911.61,7.60
116.00,flow0.24,-2776.68,3911.61,3.63
116.00,flow0.25,-2787.49,3911.61,0.00
117.00,flow0.22,-2695.95,3911.61,11.23
117.00,flow0.23,-2738.23,3911.61,8.54
117.00,flow0.24,-2772.36,3911.61,4.32
117.00,flow0.25,-2786.58,3911.61,0.91
118.00,flow0.22,-2683.75,3911.61,12.20
118.00,flow0.23,-2728.83,3911.61,9.39
118.00,flow0.24,-2767.44,3911.61,4.92
118.00,flow0.25,-2784.72,3911.61,1.86
119.00,flow0.23,-2718.59,3911.61,10.25
119.00,flow0.24,-2761.62,3911.61,5.82
119.00,flow0.25,-2781.98,3911.61,2.74
120.00,flow0.23,-2707.81,3911.61,10.77
120.00,flow0.24,-2755.23,3911.61,6.39
120.00,flow0.25,-2778.72,3911.61,3.27
120.00,flow0.26,-2787.49,3911.61,0.00
121.00,flow0.23,-2696.24,3911.61,11.58
121.00,flow0.24,-2748.20,3911.61,7.03
121.00,flow0.25,-2774.61,3911.61,4.10
121.00,flow0.26,-2786.95,3911.61,0.54
122.00,flow0.23,-2684.32,3911.61,11.92
122.00,flow0.24,-2740.50,3911.61,7.70
122.00,flow0.25,-2769.72,3911.61,4.89
122.00,flow0.26,-2785.88,3911.61,1.08
123.00,flow0.24,-2732.29,3911.61,8.21
123.00,flow0.25,-2763.87,3911.61,5.85
123.00,flow0.26,-2783.90,3911.61,1.98
124.00,flow0.24,-2723.22,3911.61,9.07
124.00,flow0.25,-2757.41,3911.61,6.46
124.00,flow0.26,-2781.13,3911.61,2.77
125.00,flow0.24,-2713.64,3911.61,9.58
125.00,flow0.25,-2750.07,3911.61,7.34
125.00,flow0.26,-2777.44,3911.61,3.69
125.00,flow0.27,-2787.49,3911.61,0.00
126.00,flow0.24,-2703.29,3911.61,10.36
126.00,flow0.25,-2742.02,3911.61,8.05
126.00,flow0.26,-2772.91,3911.61,4.53
126.00,flow0.27,-2786.73,3911.61,0.76
127.00,flow0.24,-2692.05,3911.61,11.24
127.00,flow0.25,-2733.37,3911.61,8.65
127.00,flow0.26,-2767.67,3911.61,5.24
127.00,flow0.27,-2785.24,3911.61,1.50
128.00,flow0.25,-2724.16,3911.61,9.21
128.00,flow0.26,-2761.87,3911.61,5.80
128.00,flow0.27,-2782.91,3911.61,2.33
129.00,flow0.25,-2714.31,3911.61,9.85
129.00,flow0.26,-2755.32,3911.61,6.55
129.00,flow0.27,-2779.69,3911.61,3.23
129.00,flow0.28,-2787.49,3911.61,0.00
130.00,flow0.25,-2703.47,3911.61,10.84
130.00,flow0.26,-2748.19,3911.61,7.13
130.00,flow0.27,-2775.71,3911.61,3.97
130.00,flow0.28,-2787.28,3911.61,0.21
131.00,flow0.25,-2691.86,3911.61,11.61
131.00,flow0.26,-2740.48,3911.61,7.71
131.00,flow0.27,-2770.88,3911.61,4.83
131.00,flow0.28,-2786.16,3911.61,1.12
132.00,flow0.26,-2732.10,3911.61,8.39
132.00,flow0.27,-2765.22,3911.61,5.66
132.00,flow0.28,-2784.38,3911.61,1.77
133.00,flow0.26,-2722.78,3911.61,9.32
133.00,flow0.27,-2758.85,3911.61,6.37
133.00,flow0.28,-2781.97,3911.61,2.42
134.00,flow0.26,-2712.77,3911.61,10.00
134.00,flow0.27,-2751.57,3911.61,7.28
134.00,flow0.28,-2778.96,3911.61,3.01
134.00,flow0.29,-2787.49,3911.61,0.00
135.00,flow0.26,-2702.20,3911.61,10.57
135.00,flow0.27,-2743.33,3911.61,8.24
135.00,flow0.28,-2775.01,3911.61,3.95
135.00,flow0.29,-2786.83,3911.61,0.66
136.00,flow0.26,-2691.10,3911.61,11.11
136.00,flow0.27,-2734.56,3911.61,8.76
136.00,flow0.28,-2770.47,3911.61,4.54
136.00,flow0.29,-2785.51,3911.61,1.31
137.00,flow0.27,-2724.81,3911.61,9.76
137.00,flow0.28,-2765.25,3911.61,5.23
137.00,flow0.29,-2783.64,3911.61,1.88
138.00,flow0.27,-2714.46,3911.61,10.35
138.00,flow0.28,-2759.51,3911.61,5.74
138.00,flow0.29,-2781.03,3911.61,2.60
139.00,flow0.27,-2703.30,3911.61,11.16
139.00,flow0.28,-2753.23,3911.61,6.28
139.00,flow0.29,-2777.44,3911.61,3.59
139.00,flow0.30,-2787.49,3911.61,0.00
140.00,flow0.27,-2691.49,3911.61,11.81
140.00,flow0.28,-2746.05,3911.61,7.18
140.00,flow0.29,-2773.35,3911.61,4.10
140.00,flow0.30,-2786.57,3911.61,0.92
141.00,flow0.28,-2738.20,3911.61,7.85
141.00,flow0.29,-2768.69,3911.61,4.66
141.00,flow0.30,-2784.73,3911.61,1.84
142.00,flow0.28,-2729.61,3911.61,8.59
142.00,flow0.29,-2763.23,3911.61,5.46
142.00,flow0.30,-2782.21,3911.61,2.52
143.00,flow0.28,-2720.46,3911.61,9.15
143.00,flow0.29,-2756.79,3911.61,6.44
143.00,flow0.30,-2778.70,3911.61,3.51
143.00,flow0.31,-2787.49,3911.61,0.00
144.00,flow0.28,-2710.38,3911.61,10.08
144.00,flow0.29,-2749.41,3911.61,7.38
144.00,flow0.30,-2774.55,3911.61,4.15
144.00,flow0.31,-2786.87,3911.61,0.62
145.00,flow0.28,-2699.79,3911.61,10.59
145.00,flow0.29,-2741.41,3911.61,8.00
145.00,flow0.30,-2769.64,3911.61,4.91
145.00,flow0.31,-2785.55,3911.61,1.31
146.00,flow0.28,-2688.26,3911.61,11.53
146.00,flow0.29,-2732.59,3911.61,8.82
146.00,flow0.30,-2764.09,3911.61,5.56
146.00,flow0.31,-2783.36,3911.61,2.20
147.00,flow0.29,-2723.06,3911.61,9.53
147.00,flow0.30,-2757.53,3911.61,6.55
147.00,flow0.31,-2780.51,3911.61,2.84
148.00,flow0.29,-2712.76,3911.61,10.30
148.00,flow0.30,-2750.37,3911.61,7.17
148.00,flow0.31,-2776.87,3911.61,3.64
148.00,flow0.32,-2787.49,3911.61,0.00
149.00,flow0.29,-2701.53,3911.61,11.23
149.00,flow0.30,-2742.43,3911.61,7.94
149.00,flow0.31,-2772.53,3911.61,4.34
149.00,flow0.32,-2786.62,3911.61,0.87
150.00,flow0.29,-2689.41,3911.61,12.12
150.00,flow0.30,-2733.85,3911.61,8.57
150.00,flow0.31,-2767.55,3911.61,4.98
150.00,flow0.32,-2784.81,3911.61,1.81
151.00,flow0.30,-2724.76,3911.61,9.09
151.00,flow0.31,-2761.68,3911.61,5.87
151.00,flow0.32,-2782.34,3911.61,2.47
152.00,flow0.30,-2714.78,3911.61,9.99
152.00,flow0.31,-2755.05,3911.61,6.63
152.00,flow0.32,-2779.37,3911.61,2.97
152.00,flow0.33,-2787.49,3911.61,0.00
153.00,flow0.30,-2703.91,3911.61,10.87
153.00,flow0.31,-2747.68,3911.61,7.37
153.00,flow0.32,-2775.67,3911.61,3.70
153.00,flow0.33,-2787.10,3911.61,0.39
154.00,flow0.30,-2692.13,3911.61,11.78
154.00,flow0.31,-2739.59,3911.61,8.09
154.00,flow0.32,-2771.25,3911.61,4.42
154.00,flow0.33,-2786.06,3911.61,1.04
155.00,flow0.31,-2730.54,3911.61,9.05
155.00,flow0.32,-2766.05,3911.61,5.21
155.00,flow0.33,-2784.31,3911.61,1.75
156.00,flow0.31,-2720.66,3911.61,9.88
156.00,flow0.32,-2759.93,3911.61,6.12
156.00,flow0.33,-2781.79,3911.61,2.52
157.00,flow0.31,-2710.06,3911.61,10.60
157.00,flow0.32,-2753.13,3911.61,6.80
157.00,flow0.33,-2778.34,3911.61,3.45
157.00,flow0.34,-2787.49,3911.61,0.00
158.00,flow0.31,-2698.83,3911.61,11.23
158.00,flow0.32,-2745.48,3911.61,7.65
158.00,flow0.33,-2774.35,3911.61,3.98
158.00,flow0.34,-2786.69,3911.61,0.80
159.00,flow0.31,-2686.97,3911.61,11.86
159.00,flow0.32,-2737.28,3911.61,8.19
159.00,flow0.33,-2769.62,3911.61,4.73
159.00,flow0.34,-2785.29,3911.61,1.40
160.00,flow0.32,-2728.25,3911.61,9.04
160.00,flow0.33,-2764.13,3911.61,5.49
160.00,flow0.34,-2783.08,3911.61,2.21
161.00,flow0.32,-2718.39,3911.61,9.86
161.00,flow0.33,-2757.67,3911.61,6.46
161.00,flow0.34,-2780.25,3911.61,2.83
162.00,flow0.32,-2708.01,3911.61,10.38
162.00,flow0.33,-2750.48,3911.61,7.18
162.00,flow0.34,-2776.61,3911.61,3.64
162.00,flow0.35,-2787.49,3911.61,0.00
163.00,flow0.32,-2697.13,3911.61,10.88
163.00,flow0.33,-2742.56,3911.61,7.92
163.00,flow0.34,-2771.99,3911.61,4.63
163.00,flow0.35,-2786.86,3911.61,0.63
164.00,flow0.32,-2685.50,3911.61,11.63
164.00,flow0.33,-2734.08,3911.61,8.49
164.00,flow0.34,-2766.74,3911.61,5.24
164.00,flow0.35,-2785.38,3911.61,1.48
165.00,flow0.33,-2724.80,3911.61,9.28
165.00,flow0.34,-2760.89,3911.61,5.85
165.00,flow0.35,-2783.05,3911.61,2.34
166.00,flow0.33,-2714.65,3911.61,10.15
166.00,flow0.34,-2754.11,3911.61,6.79
166.00,flow0.35,-2780.17,3911.61,2.88
167.00,flow0.33,-2703.95,3911.61,10.70
167.00,flow0.34,-2746.81,3911.61,7.29
167.00,flow0.35,-2776.64,3911.61,3.53
167.00,flow0.36,-2787.49,3911.61,0.00
168.00,flow0.33,-2692.72,3911.61,11.23
168.00,flow0.34,-2739.01,3911.61,7.80
168.00,flow0.35,-2772.56,3911.61,4.07
168.00,flow0.36,-2786.89,3911.61,0.60
169.00,flow0.34,-2730.38,3911.61,8.63
169.00,flow0.35,-2767.96,3911.61,4.60
169.00,flow0.36,-2785.54,3911.61,1.35
170.00,flow0.34,-2721.23,3911.61,9.15
170.00,flow0.35,-2762.37,3911.61,5.59
170.00,flow0.36,-2783.62,3911.61,1.92
171.00,flow0.34,-2711.11,3911.61,10.12
171.00,flow0.35,-2755.80,3911.61,6.58
171.00,flow0.36,-2780.76,3911.61,2.86
172.00,flow0.34,-2700.47,3911.61,10.64
172.00,flow0.35,-2748.32,3911.61,7.47
172.00,flow0.36,-2776.96,3911.61,3.81
172.00,flow0.37,-2787.49,3911.61,0.00
173.00,flow0.34,-2689.11,3911.61,11.36
173.00,flow0.35,-2740.03,3911.61,8.29
173.00,flow0.36,-2772.17,3911.61,4.79
173.00,flow0.37,-2786.82,3911.61,0.67
174.00,flow0.35,-2730.87,3911.61,9.16
174.00,flow0.36,-2766.59,3911.61,5.58
174.00,flow0.37,-2785.55,3911.61,1.27
175.00,flow0.35,-2721.19,3911.61,9.69
175.00,flow0.36,-2760.41,3911.61,6.18
175.00,flow0.37,-2783.39,3911.61,2.17
176.00,flow0.35,-2710.84,3911.61,10.34
176.00,flow0.36,-2753.25,3911.61,7.15
176.00,flow0.37,-2780.34,3911.61,3.04
177.00,flow0.35,-2699.94,3911.61,10.90
177.00,flow0.36,-2745.40,3911.61,7.85
177.00,flow0.37,-2776.54,3911.61,3.81
177.00,flow0.38,-2787.49,3911.61,0.00
178.00,flow0.35,-2688.44,3911.61,11.50
178.00,flow0.36,-2736.87,3911.61,8.53
178.00,flow0.37,-2772.15,3911.61,4.39
178.00,flow0.38,-2786.65,3911.61,0.84
179.00,flow0.36,-2727.84,3911.61,9.04
179.00,flow0.37,-2767.19,3911.61,4.95
179.00,flow0.38,-2784.91,3911.61,1.74
180.00,flow0.36,-2718.19,3911.61,9.65
180.00,flow0.37,-2761.44,3911.61,5.75
180.00,flow0.38,-2782.24,3911.61,2.67
181.00,flow0.36,-2707.94,3911.61,10.24
181.00,flow0.37,-2755.06,3911.61,6.38
181.00,flow0.38,-2778.88,3911.61,3.37
181.00,flow0.39,-2787.49,3911.61,0.00
182.00,flow0.36,-2697.14,3911.61,10.80
182.00,flow0.37,-2748.13,3911.61,6.92
182.00,flow0.38,-2774.62,3911.61,4.26
182.00,flow0.39,-2786.85,3911.61,0.64
183.00,flow0.36,-2685.52,3911.61,11.62
183.00,flow0.37,-2740.30,3911.61,7.84
183.00,flow0.38,-2769.85,3911.61,4.77
183.00,flow0.39,-2785.48,3911.61,1.37
184.00,flow0.37,-2731.62,3911.61,8.67
184.00,flow0.38,-2764.43,3911.61,5.42
184.00,flow0.39,-2783.47,3911.61,2.01
185.00,flow0.37,-2722.01,3911.61,9.61
185.00,flow0.38,-2758.05,3911.61,6.39
185.00,flow0.39,-2780.86,3911.61,2.61
186.00,flow0.37,-2711.70,3911.61,10.31
186.00,flow0.38,-2750.83,3911.61,7.21
186.00,flow0.39,-2777.67,3911.61,3.19
186.00,flow0.40,-2787.49,3911.61,0.00
187.00,flow0.37,-2700.66,3911.61,11.04
187.00,flow0.38,-2742.70,3911.61,8.13
187.00,flow0.39,-2773.51,3911.61,4.15
187.00,flow0.40,-2786.62,3911.61,0.87
188.00,flow0.37,-2688.82,3911.61,11.84
188.00,flow0.38,-2733.59,3911.61,9.11
188.00,flow0.39,-2768.85,3911.61,4.66
188.00,flow0.40,-2784.95,3911.61,1.67
189.00,flow0.38,-2723.90,3911.61,9.68
189.00,flow0.39,-2763.22,3911.61,5.63
189.00,flow0.40,-2782.70,3911.61,2.25
190.00,flow0.38,-2713.66,3911.61,10.25
190.00,flow0.39,-2757.06,3911.61,6.16
190.00,flow0.40,-2779.66,3911.61,3.04
190.00,flow0.41,-2787.49,3911.61,0.00
191.00,flow0.38,-2702.83,3911.61,10.82
191.00,flow0.39,-2750.23,3911.61,6.82
191.00,flow0.40,-2775.69,3911.61,3.97
191.00,flow0.41,-2787.29,3911.61,0.20
192.00,flow0.38,-2691.22,3911.61,11.62
192.00,flow0.39,-2742.81,3911.61,7.42
192.00,flow0.40,-2770.89,3911.61,4.80
192.00,flow0.41,-2786.13,3911.61,1.16
193.00,flow0.39,-2734.48,3911.61,8.33
193.00,flow0.40,-2765.38,3911.61,5.51
193.00,flow0.41,-2784.20,3911.61,1.92
194.00,flow0.39,-2725.27,3911.61,9.21
194.00,flow0.40,-2758.91,3911.61,6.47
194.00,flow0.41,-2781.65,3911.61,2.55
195.00,flow0.39,-2715.16,3911.61,10.10
195.00,flow0.40,-2751.61,3911.61,7.29
195.00,flow0.41,-2778.32,3911.61,3.33
195.00,flow0.42,-2787.49,3911.61,0.00
196.00,flow0.39,-2704.31,3911.61,10.85
196.00,flow0.40,-2743.38,3911.61,8.23
196.00,flow0.41,-2774.38,3911.61,3.94
196.00,flow0.42,-2786.98,3911.61,0.51
197.00,flow0.39,-2692.94,3911.61,11.38
197.00,flow0.40,-2734.42,3911.61,8.96
197.00,flow0.41,-2769.70,3911.61,4.68
197.00,flow0.42,-2785.73,3911.61,1.25
198.00,flow0.40,-2724.60,3911.61,9.83
198.00,flow0.41,-2764.29,3911.61,5.40
198.00,flow0.42,-2783.67,3911.61,2.05
199.00,flow0.40,-2714.02,3911.61,10.58
199.00,flow0.41,-2758.27,3911.61,6.03
199.00,flow0.42,-2780.93,3911.61,2.74
200.00,flow0.40,-2702.70,3911.61,11.32
200.00,flow0.41,-2751.45,3911.61,6.82
200.00,flow0.42,-2777.69,3911.61,3.24
200.00,flow0.43,-2787.49,3911.61,0.00
201.00,flow0.40,-2690.45,3911.61,12.24
201.00,flow0.41,-2743.65,3911.61,7.79
201.00,flow0.42,-2773.83,3911.61,3.86
201.00,flow0.43,-2786.73,3911.61,0.76
202.00,flow0.41,-2735.17,3911.61,8.48
202.00,flow0.42,-2769.16,3911.61,4.68
202.00,flow0.43,-2785.05,3911.61,1.67
203.00,flow0.41,-2726.10,3911.61,9.07
203.00,flow0.42,-2763.71,3911.61,5.45
203.00,flow0.43,-2782.80,3911.61,2.26
204.00,flow0.41,-2716.08,3911.61,10.03
204.00,flow0.42,-2757.49,3911.61,6.22
204.00,flow0.43,-2779.73,3911.61,3.06
204.00,flow0.44,-2787.49,3911.61,0.00
205.00,flow0.41,-2705.47,3911.61,10.60
205.00,flow0.42,-2750.56,3911.61,6.93
205.00,flow0.43,-2775.90,3911.61,3.83
205.00,flow0.44,-2787.35,3911.61,0.14
206.00,flow0.41,-2693.90,3911.61,11.57
206.00,flow0.42,-2742.85,3911.61,7.71
206.00,flow0.43,-2771.47,3911.61,4.44
206.00,flow0.44,-2786.31,3911.61,1.05
207.00,flow0.42,-2734.61,3911.61,8.24
207.00,flow0.43,-2766.11,3911.61,5.35
207.00,flow0.44,-2784.30,3911.61,2.01
208.00,flow0.42,-2725.78,3911.61,8.83
208.00,flow0.43,-2760.24,3911.61,5.87
208.00,flow0.44,-2781.53,3911.61,2.77
209.00,flow0.42,-2716.13,3911.61,9.65
209.00,flow0.43,-2753.41,3911.61,6.84
209.00,flow0.44,-2777.88,3911.61,3.65
209.00,flow0.45,-2787.49,3911.61,0.00
210.00,flow0.42,-2705.68,3911.61,10.45
210.00,flow0.43,-2745.78,3911.61,7.62
210.00,flow0.44,-2773.32,3911.61,4.56
210.00,flow0.45,-2786.79,3911.61,0.70
211.00,flow0.42,-2694.24,3911.61,11.44
211.00,flow0.43,-2737.62,3911.61,8.16
211.00,flow0.44,-2768.14,3911.61,5.18
211.00,flow0.45,-2785.23,3911.61,1.56
212.00,flow0.42,-2681.97,3911.61,12.27
212.00,flow0.43,-2728.80,3911.61,8.83
212.00,flow0.44,-2762.21,3911.61,5.93
212.00,flow0.45,-2782.88,3911.61,2.35
213.00,flow0.43,-2719.10,3911.61,9.70
213.00,flow0.44,-2755.34,3911.61,6.88
213.00,flow0.45,-2779.67,3911.61,3.21
213.00,flow0.46,-2787.49,3911.61,0.00
214.00,flow0.43,-2708.87,3911.61,10.23
214.00,flow0.44,-2747.90,3911.61,7.43
214.00,flow0.45,-2775.79,3911.61,3.88
214.00,flow0.46,-2787.20,3911.61,0.29
215.00,flow0.43,-2698.04,3911.61,10.83
215.00,flow0.44,-2739.89,3911.61,8.02
215.00,flow0.45,-2771.34,3911.61,4.45
215.00,flow0.46,-2786.11,3911.61,1.09
216.00,flow0.43,-2686.46,3911.61,11.57
216.00,flow0.44,-2731.13,3911.61,8.76
216.00,flow0.45,-2766.07,3911.61,5.27
216.00,flow0.46,-2784.17,3911.61,1.94
217.00,flow0.44,-2721.40,3911.61,9.73
217.00,flow0.45,-2760.21,3911.61,5.86
217.00,flow0.46,-2781.30,3911.61,2.87
218.00,flow0.44,-2710.89,3911.61,10.51
218.00,flow0.45,-2753.72,3911.61,6.49
218.00,flow0.46,-2777.78,3911.61,3.52
218.00,flow0.47,-2787.49,3911.61,0.00
219.00,flow0.44,-2699.84,3911.61,11.05
219.00,flow0.45,-2746.29,3911.61,7.44
219.00,flow0.46,-2773.61,3911.61,4.17
219.00,flow0.47,-2786.75,3911.61,0.74
220.00,flow0.44,-2688.00,3911.61,11.83
220.00,flow0.45,-2738.25,3911.61,8.04
220.00,flow0.46,-2768.59,3911.61,5.02
220.00,flow0.47,-2785.46,3911.61,1.29
221.00,flow0.45,-2729.35,3911.61,8.89
221.00,flow0.46,-2762.95,3911.61,5.63
221.00,flow0.47,-2783.47,3911.61,1.99
222.00,flow0.45,-2719.85,3911.61,9.50
222.00,flow0.46,-2756.40,3911.61,6.55
222.00,flow0.47,-2780.56,3911.61,2.90
223.00,flow0.45,-2709.43,3911.61,10.42
223.00,flow0.46,-2749.15,3911.61,7.26
223.00,flow0.47,-2776.84,3911.61,3.72
223.00,flow0.48,-2787.49,3911.61,0.00
224.00,flow0.45,-2698.23,3911.61,11.19
224.00,flow0.46,-2741.30,3911.61,7.85
224.00,flow0.47,-2772.14,3911.61,4.70
224.00,flow0.48,-2786.63,3911.61,0.86
225.00,flow0.45,-2686.08,3911.61,12.15
225.00,flow0.46,-2732.50,3911.61,8.80
225.00,flow0.47,-2766.83,3911.61,5.31
225.00,flow0.48,-2785.03,3911.61,1.60
226.00,flow0.46,-2723.10,3911.61,9.40
226.00,flow0.47,-2761.00,3911.61,5.83
226.00,flow0.48,-2782.81,3911.61,2.21
227.00,flow0.46,-2712.70,3911.61,10.40
227.00,flow0.47,-2754.26,3911.61,6.74
227.00,flow0.48,-2779.82,3911.61,2.99
227.00,flow0.49,-2787.49,3911.61,0.00
228.00,flow0.46,-2701.46,3911.61,11.24
228.00,flow0.47,-2746.53,3911.61,7.74
228.00,flow0.48,-2776.06,3911.61,3.76
228.00,flow0.49,-2787.38,3911.61,0.11
229.00,flow0.46,-2689.65,3911.61,11.81
229.00,flow0.47,-2738.01,3911.61,8.51
229.00,flow0.48,-2771.39,3911.61,4.67
229.00,flow0.49,-2786.51,3911.61,0.87
230.00,flow0.47,-2728.80,3911.61,9.21
230.00,flow0.48,-2766.09,3911.61,5.30
230.00,flow0.49,-2784.71,3911.61,1.80
231.00,flow0.47,-2719.00,3911.61,9.80
231.00,flow0.48,-2759.91,3911.61,6.18
231.00,flow0.49,-2781.94,3911.61,2.76
232.00,flow0.47,-2708.69,3911.61,10.31
232.00,flow0.48,-2752.87,3911.61,7.04
232.00,flow0.49,-2778.48,3911.61,3.46
233.00,flow0.47,-2697.77,3911.61,10.92
233.00,flow0.48,-2744.84,3911.61,8.03
233.00,flow0.49,-2774.10,3911.61,4.37
234.00,flow0.47,-2685.90,3911.61,11.87
234.00,flow0.48,-2736.07,3911.61,8.77
234.00,flow0.49,-2769.05,3911.61,5.05
235.00,flow0.48,-2726.72,3911.61,9.34
235.00,flow0.49,-2763.23,3911.61,5.82
236.00,flow0.48,-2716.83,3911.61,9.89
236.00,flow0.49,-2756.41,3911.61,6.82
237.00,flow0.48,-2706.30,3911.61,10.54
237.00,flow0.49,-2748.98,3911.61,7.43
238.00,flow0.48,-2695.06,3911.61,11.24
238.00,flow0.49,-2740.83,3911.61,8.15
239.00,flow0.48,-2683.21,3911.61,11.85
239.00,flow0.49,-2731.99,3911.61,8.84
240.00,flow0.49,-2722.25,3911.61,9.74
241.00,flow0.49,-2711.86,3911.61,10.39
242.00,flow0.49,-2700.79,3911.61,11.07
243.00,flow0.49,-2689.19,3911.61,11.60
